{"data":[{"Properties":{"domain":"CCDCTEAM.COM","name":"WINDOWSPC.CCDCTEAM.COM","distinguishedname":"CN=WINDOWSPC,CN=COMPUTERS,DC=CCDCTEAM,DC=COM","domainsid":"S-1-5-21-3501065730-1083639835-3223969172","samaccountname":"WINDOWSPC$","haslaps":false,"doesanyacegrantownerrights":false,"doesanyinheritedacegrantownerrights":false,"isaclprotected":false,"adminsdholderprotected":false,"whencreated":1760030897,"enabled":true,"unconstraineddelegation":false,"trustedtoauth":false,"isdc":false,"isreadonlydc":false,"encryptedtextpwdallowed":false,"usedeskeyonly":false,"logonscriptenabled":false,"lockedout":false,"passwordexpired":false,"supportedencryptiontypes":["RC4-HMAC-MD5","AES128-CTS-HMAC-SHA1-96","AES256-CTS-HMAC-SHA1-96"],"admincount":false,"lastlogon":1769135887,"lastlogontimestamp":1768999419,"pwdlastset":1768132890,"serviceprincipalnames":["WSMAN/WindowsPC","WSMAN/WindowsPC.CCDCTeam.com","TERMSRV/WINDOWSPC","TERMSRV/WindowsPC.CCDCTeam.com","RestrictedKrbHost/WindowsPC.CCDCTeam.com","HOST/WindowsPC.CCDCTeam.com","RestrictedKrbHost/WINDOWSPC","HOST/WINDOWSPC"],"email":null,"useraccountcontrol":4096,"operatingsystem":"Windows 11 Education","sidhistory":[],"objectguid":"E6617CC1-4A34-4A86-B93F-E4A6F58E7B41"},"PrimaryGroupSID":"S-1-5-21-3501065730-1083639835-3223969172-515","AllowedToDelegate":[],"AllowedToAct":[],"HasSIDHistory":[],"DumpSMSAPassword":[],"Sessions":{"Results":[],"Collected":true,"FailureReason":null},"PrivilegedSessions":{"Results":[{"UserSID":"S-1-5-21-3501065730-1083639835-3223969172-500","ComputerSID":"S-1-5-21-3501065730-1083639835-3223969172-1103"},{"UserSID":"S-1-5-21-3501065730-1083639835-3223969172-500","ComputerSID":"S-1-5-21-3501065730-1083639835-3223969172-1103"},{"UserSID":"S-1-5-21-3501065730-1083639835-3223969172-1105","ComputerSID":"S-1-5-21-3501065730-1083639835-3223969172-1103"}],"Collected":true,"FailureReason":null},"RegistrySessions":{"Results":[],"Collected":false,"FailureReason":"The network path was not found.\r\n"},"LocalGroups":[{"ObjectIdentifier":"S-1-5-21-3501065730-1083639835-3223969172-1103-579","Name":"ACCESS CONTROL ASSISTANCE OPERATORS@WINDOWSPC.CCDCTEAM.COM","Results":[],"LocalNames":[],"Collected":true,"FailureReason":null},{"ObjectIdentifier":"S-1-5-21-3501065730-1083639835-3223969172-1103-544","Name":"ADMINISTRATORS@WINDOWSPC.CCDCTEAM.COM","Results":[{"ObjectIdentifier":"S-1-5-21-3501065730-1083639835-3223969172-512","ObjectType":"Group"}],"LocalNames":[],"Collected":true,"FailureReason":null},{"ObjectIdentifier":"S-1-5-21-3501065730-1083639835-3223969172-1103-551","Name":"BACKUP OPERATORS@WINDOWSPC.CCDCTEAM.COM","Results":[],"LocalNames":[],"Collected":true,"FailureReason":null},{"ObjectIdentifier":"S-1-5-21-3501065730-1083639835-3223969172-1103-569","Name":"CRYPTOGRAPHIC OPERATORS@WINDOWSPC.CCDCTEAM.COM","Results":[],"LocalNames":[],"Collected":true,"FailureReason":null},{"ObjectIdentifier":"S-1-5-21-3501065730-1083639835-3223969172-1103-583","Name":"DEVICE OWNERS@WINDOWSPC.CCDCTEAM.COM","Results":[],"LocalNames":[],"Collected":true,"FailureReason":null},{"ObjectIdentifier":"S-1-5-21-3501065730-1083639835-3223969172-1103-562","Name":"DISTRIBUTED COM USERS@WINDOWSPC.CCDCTEAM.COM","Results":[],"LocalNames":[],"Collected":true,"FailureReason":null},{"ObjectIdentifier":"S-1-5-21-3501065730-1083639835-3223969172-1103-573","Name":"EVENT LOG READERS@WINDOWSPC.CCDCTEAM.COM","Results":[],"LocalNames":[],"Collected":true,"FailureReason":null},{"ObjectIdentifier":"S-1-5-21-3501065730-1083639835-3223969172-1103-546","Name":"GUESTS@WINDOWSPC.CCDCTEAM.COM","Results":[],"LocalNames":[],"Collected":true,"FailureReason":null},{"ObjectIdentifier":"S-1-5-21-3501065730-1083639835-3223969172-1103-578","Name":"HYPER-V ADMINISTRATORS@WINDOWSPC.CCDCTEAM.COM","Results":[],"LocalNames":[],"Collected":true,"FailureReason":null},{"ObjectIdentifier":"S-1-5-21-3501065730-1083639835-3223969172-1103-568","Name":"IIS_IUSRS@WINDOWSPC.CCDCTEAM.COM","Results":[],"LocalNames":[],"Collected":true,"FailureReason":null},{"ObjectIdentifier":"S-1-5-21-3501065730-1083639835-3223969172-1103-556","Name":"NETWORK CONFIGURATION OPERATORS@WINDOWSPC.CCDCTEAM.COM","Results":[],"LocalNames":[],"Collected":true,"FailureReason":null},{"ObjectIdentifier":"S-1-5-21-3501065730-1083639835-3223969172-1103-585","Name":"OPENSSH USERS@WINDOWSPC.CCDCTEAM.COM","Results":[],"LocalNames":[],"Collected":true,"FailureReason":null},{"ObjectIdentifier":"S-1-5-21-3501065730-1083639835-3223969172-1103-559","Name":"PERFORMANCE LOG USERS@WINDOWSPC.CCDCTEAM.COM","Results":[],"LocalNames":[],"Collected":true,"FailureReason":null},{"ObjectIdentifier":"S-1-5-21-3501065730-1083639835-3223969172-1103-558","Name":"PERFORMANCE MONITOR USERS@WINDOWSPC.CCDCTEAM.COM","Results":[],"LocalNames":[],"Collected":true,"FailureReason":null},{"ObjectIdentifier":"S-1-5-21-3501065730-1083639835-3223969172-1103-547","Name":"POWER USERS@WINDOWSPC.CCDCTEAM.COM","Results":[],"LocalNames":[],"Collected":true,"FailureReason":null},{"ObjectIdentifier":"S-1-5-21-3501065730-1083639835-3223969172-1103-555","Name":"REMOTE DESKTOP USERS@WINDOWSPC.CCDCTEAM.COM","Results":[{"ObjectIdentifier":"S-1-5-21-3501065730-1083639835-3223969172-513","ObjectType":"Group"}],"LocalNames":[],"Collected":true,"FailureReason":null},{"ObjectIdentifier":"S-1-5-21-3501065730-1083639835-3223969172-1103-580","Name":"REMOTE MANAGEMENT USERS@WINDOWSPC.CCDCTEAM.COM","Results":[],"LocalNames":[],"Collected":true,"FailureReason":null},{"ObjectIdentifier":"S-1-5-21-3501065730-1083639835-3223969172-1103-552","Name":"REPLICATOR@WINDOWSPC.CCDCTEAM.COM","Results":[],"LocalNames":[],"Collected":true,"FailureReason":null},{"ObjectIdentifier":"S-1-5-21-3501065730-1083639835-3223969172-1103-581","Name":"SYSTEM MANAGED ACCOUNTS GROUP@WINDOWSPC.CCDCTEAM.COM","Results":[],"LocalNames":[],"Collected":true,"FailureReason":null},{"ObjectIdentifier":"S-1-5-21-3501065730-1083639835-3223969172-1103-584","Name":"USER MODE HARDWARE OPERATORS@WINDOWSPC.CCDCTEAM.COM","Results":[],"LocalNames":[],"Collected":true,"FailureReason":null},{"ObjectIdentifier":"S-1-5-21-3501065730-1083639835-3223969172-1103-545","Name":"USERS@WINDOWSPC.CCDCTEAM.COM","Results":[{"ObjectIdentifier":"CCDCTEAM.COM-S-1-5-11","ObjectType":"Group"},{"ObjectIdentifier":"S-1-5-21-3501065730-1083639835-3223969172-513","ObjectType":"Group"}],"LocalNames":[],"Collected":true,"FailureReason":null}],"UserRights":[{"Privilege":"SeRemoteInteractiveLogonRight","Results":[{"ObjectIdentifier":"S-1-5-21-3501065730-1083639835-3223969172-1103-555","ObjectType":"LocalGroup"},{"ObjectIdentifier":"S-1-5-21-3501065730-1083639835-3223969172-1103-544","ObjectType":"LocalGroup"}],"LocalNames":[],"Collected":true,"FailureReason":null}],"DCRegistryData":{"CertificateMappingMethods":null,"StrongCertificateBindingEnforcement":null,"VulnerableNetlogonSecurityDescriptor":null},"Status":null,"IsDC":false,"UnconstrainedDelegation":false,"DomainSID":"S-1-5-21-3501065730-1083639835-3223969172","IsWebClientRunning":{"Result":false,"Collected":true,"FailureReason":null},"SmbInfo":{"Result":{"SigningEnabled":true},"Collected":true,"FailureReason":null},"NtlmSessions":null,"NTLMRegistryData":{"Result":null,"Collected":false,"FailureReason":"DotNetWmiRegistryStrategy: Collector failed: The RPC server is unavailable.\r\n.\nInner Exception: \nRemoteRegistryStrategy: Collector failed: Failed to enumerate registry on WINDOWSPC.CCDCTEAM.COM: SharpHoundRPC.Registry.RemoteRegistryException: Failed to open remote registry base key on WINDOWSPC.CCDCTEAM.COM for hive LocalMachine ---> System.IO.IOException: The network path was not found.\r\n\r\n   at Microsoft.Win32.RegistryKey.Win32ErrorStatic(Int32 errorCode, String str)\r\n   at Microsoft.Win32.RegistryKey.OpenRemoteBaseKey(RegistryHive hKey, String machineName, RegistryView view)\r\n   at SharpHoundRPC.Registry.RemoteRegistryStrategy.OpenRemoteBaseKey(String targetMachine, RegistryHive hive)\r\n   --- End of inner exception stack trace ---\r\n   at SharpHoundRPC.Registry.RemoteRegistryStrategy.OpenRemoteBaseKey(String targetMachine, RegistryHive hive)\r\n   at SharpHoundRPC.Registry.RemoteRegistryStrategy.<>c__DisplayClass4_0.<ExecuteAsync>b__0().\nInner Exception: SharpHoundRPC.Registry.RemoteRegistryException: Failed to open remote registry base key on WINDOWSPC.CCDCTEAM.COM for hive LocalMachine ---> System.IO.IOException: The network path was not found.\r\n\r\n   at Microsoft.Win32.RegistryKey.Win32ErrorStatic(Int32 errorCode, String str)\r\n   at Microsoft.Win32.RegistryKey.OpenRemoteBaseKey(RegistryHive hKey, String machineName, RegistryView view)\r\n   at SharpHoundRPC.Registry.RemoteRegistryStrategy.OpenRemoteBaseKey(String targetMachine, RegistryHive hive)\r\n   --- End of inner exception stack trace ---\r\n   at SharpHoundRPC.Registry.RemoteRegistryStrategy.OpenRemoteBaseKey(String targetMachine, RegistryHive hive)\r\n   at SharpHoundRPC.Registry.RemoteRegistryStrategy.<>c__DisplayClass4_0.<ExecuteAsync>b__0()"},"Aces":[{"PrincipalSID":"S-1-5-21-3501065730-1083639835-3223969172-512","PrincipalType":"Group","RightName":"Owns","IsInherited":false,"InheritanceHash":"","IsPermissionForOwnerRightsSid":false,"IsInheritedPermissionForOwnerRightsSid":false},{"PrincipalSID":"CCDCTEAM.COM-S-1-5-32-548","PrincipalType":"Group","RightName":"GenericAll","IsInherited":false,"InheritanceHash":"","IsPermissionForOwnerRightsSid":false,"IsInheritedPermissionForOwnerRightsSid":false},{"PrincipalSID":"S-1-5-21-3501065730-1083639835-3223969172-512","PrincipalType":"Group","RightName":"GenericAll","IsInherited":false,"InheritanceHash":"","IsPermissionForOwnerRightsSid":false,"IsInheritedPermissionForOwnerRightsSid":false},{"PrincipalSID":"S-1-5-21-3501065730-1083639835-3223969172-512","PrincipalType":"Group","RightName":"WriteAccountRestrictions","IsInherited":false,"InheritanceHash":"","IsPermissionForOwnerRightsSid":false,"IsInheritedPermissionForOwnerRightsSid":false},{"PrincipalSID":"S-1-5-21-3501065730-1083639835-3223969172-526","PrincipalType":"Group","RightName":"AddKeyCredentialLink","IsInherited":true,"InheritanceHash":"843CD0540F61DDC7AFA84BDF8D27550E03D54046","IsPermissionForOwnerRightsSid":false,"IsInheritedPermissionForOwnerRightsSid":false},{"PrincipalSID":"S-1-5-21-3501065730-1083639835-3223969172-527","PrincipalType":"Group","RightName":"AddKeyCredentialLink","IsInherited":true,"InheritanceHash":"6F0FE65886AEEF5D9A95658247DACE693C6701F1","IsPermissionForOwnerRightsSid":false,"IsInheritedPermissionForOwnerRightsSid":false},{"PrincipalSID":"S-1-5-21-3501065730-1083639835-3223969172-519","PrincipalType":"Group","RightName":"GenericAll","IsInherited":true,"InheritanceHash":"761B9C649AD1105689ACDE61AB40C9A93EF13D5D","IsPermissionForOwnerRightsSid":false,"IsInheritedPermissionForOwnerRightsSid":false},{"PrincipalSID":"CCDCTEAM.COM-S-1-5-32-544","PrincipalType":"Group","RightName":"WriteDacl","IsInherited":true,"InheritanceHash":"62C26D4FB3FF64505B03CDD35D648DFBC6C157CC","IsPermissionForOwnerRightsSid":false,"IsInheritedPermissionForOwnerRightsSid":false},{"PrincipalSID":"CCDCTEAM.COM-S-1-5-32-544","PrincipalType":"Group","RightName":"WriteOwner","IsInherited":true,"InheritanceHash":"62C26D4FB3FF64505B03CDD35D648DFBC6C157CC","IsPermissionForOwnerRightsSid":false,"IsInheritedPermissionForOwnerRightsSid":false},{"PrincipalSID":"CCDCTEAM.COM-S-1-5-32-544","PrincipalType":"Group","RightName":"GenericWrite","IsInherited":true,"InheritanceHash":"62C26D4FB3FF64505B03CDD35D648DFBC6C157CC","IsPermissionForOwnerRightsSid":false,"IsInheritedPermissionForOwnerRightsSid":false}],"ObjectIdentifier":"S-1-5-21-3501065730-1083639835-3223969172-1103","IsDeleted":false,"IsACLProtected":false,"ContainedBy":{"ObjectIdentifier":"8E592B02-3A5C-457C-8C96-A4DE9354CA95","ObjectType":"Container"}},{"Properties":{"domain":"CCDCTEAM.COM","name":"DOMAINCONTROL-1.CCDCTEAM.COM","distinguishedname":"CN=DOMAINCONTROL-1,OU=DOMAIN CONTROLLERS,DC=CCDCTEAM,DC=COM","domainsid":"S-1-5-21-3501065730-1083639835-3223969172","samaccountname":"DOMAINCONTROL-1$","haslaps":false,"doesanyacegrantownerrights":false,"doesanyinheritedacegrantownerrights":false,"isaclprotected":false,"adminsdholderprotected":false,"whencreated":1760029666,"enabled":true,"unconstraineddelegation":true,"trustedtoauth":false,"isdc":true,"isreadonlydc":false,"encryptedtextpwdallowed":false,"usedeskeyonly":false,"logonscriptenabled":false,"lockedout":false,"passwordexpired":false,"supportedencryptiontypes":["RC4-HMAC-MD5","AES128-CTS-HMAC-SHA1-96","AES256-CTS-HMAC-SHA1-96"],"admincount":false,"lastlogon":1769117972,"lastlogontimestamp":1769031572,"pwdlastset":1768132590,"serviceprincipalnames":["Dfsr-12F9A27C-BF97-4787-9364-D31B6C55EB04/DomainControl-1.CCDCTeam.com","ldap/TWAKENTA/CCDCTEAM","HOST/TWAKENTA/CCDCTeam.com","ldap/TWAKENTA/ForestDnsZones.CCDCTeam.com","HOST/TWAKENTA/CCDCTEAM","ldap/DOMAINCONTROL-1/ForestDnsZones.CCDCTeam.com","ldap/TWAKENTA/DomainDnsZones.CCDCTeam.com","HOST/DOMAINCONTROL-1/CCDCTeam.com","ldap/DOMAINCONTROL-1/DomainDnsZones.CCDCTeam.com","GC/DOMAINCONTROL-1/CCDCTeam.com","ldap/TWAKENTA/CCDCTeam.com","GC/TWAKENTA/CCDCTeam.com","ldap/DOMAINCONTROL-1/CCDCTeam.com","E3514235-4B06-11D1-AB04-00C04FC2DCD2-ADAM/TWAKENTA:51912","TERMSRV/TWAKENTA","RestrictedKrbHost/TWAKENTA","HOST/TWAKENTA","ldap/TWAKENTA","HOST/DOMAINCONTROL-1/CCDCTEAM","ldap/DOMAINCONTROL-1/CCDCTEAM","E3514235-4B06-11D1-AB04-00C04FC2DCD2-ADAM/DomainControl-1.CCDCTeam.com:51912","E3514235-4B06-11D1-AB04-00C04FC2DCD2-ADAM/DOMAINCONTROL-1:51912","TERMSRV/DOMAINCONTROL-1","TERMSRV/DomainControl-1.CCDCTeam.com","ldap/DomainControl-1.CCDCTeam.com/ForestDnsZones.CCDCTeam.com","ldap/DomainControl-1.CCDCTeam.com/DomainDnsZones.CCDCTeam.com","DNS/DomainControl-1.CCDCTeam.com","GC/DomainControl-1.CCDCTeam.com/CCDCTeam.com","RestrictedKrbHost/DomainControl-1.CCDCTeam.com","RestrictedKrbHost/DOMAINCONTROL-1","HOST/DomainControl-1.CCDCTeam.com/CCDCTEAM","HOST/DOMAINCONTROL-1","HOST/DomainControl-1.CCDCTeam.com","HOST/DomainControl-1.CCDCTeam.com/CCDCTeam.com","ldap/DomainControl-1.CCDCTeam.com/CCDCTEAM","ldap/DOMAINCONTROL-1","ldap/DomainControl-1.CCDCTeam.com","ldap/DomainControl-1.CCDCTeam.com/CCDCTeam.com","RPC/f7cbadf1-40f2-42bf-b7be-d46221bed2d0._msdcs.CCDCTeam.com","E3514235-4B06-11D1-AB04-00C04FC2DCD2/f7cbadf1-40f2-42bf-b7be-d46221bed2d0/CCDCTeam.com","ldap/f7cbadf1-40f2-42bf-b7be-d46221bed2d0._msdcs.CCDCTeam.com"],"email":null,"useraccountcontrol":532480,"operatingsystem":"Windows Server 2019 Standard","sidhistory":[],"objectguid":"3D822AD1-BEC8-426A-8745-9A8BA50F43C7","ldapavailable":true,"ldapsavailable":true,"ldapsepa":true,"ldapsigning":true},"PrimaryGroupSID":"S-1-5-21-3501065730-1083639835-3223969172-516","AllowedToDelegate":[],"AllowedToAct":[],"HasSIDHistory":[],"DumpSMSAPassword":[],"Sessions":{"Results":[],"Collected":true,"FailureReason":null},"PrivilegedSessions":{"Results":[{"UserSID":"S-1-5-21-3501065730-1083639835-3223969172-500","ComputerSID":"S-1-5-21-3501065730-1083639835-3223969172-1000"}],"Collected":true,"FailureReason":null},"RegistrySessions":{"Results":[{"UserSID":"S-1-5-21-3501065730-1083639835-3223969172-500","ComputerSID":"S-1-5-21-3501065730-1083639835-3223969172-1000"}],"Collected":true,"FailureReason":null},"LocalGroups":[{"ObjectIdentifier":"CCDCTEAM.COM-S-1-5-32-549","Name":"IGNOREME","Results":[],"LocalNames":[],"Collected":true,"FailureReason":null},{"ObjectIdentifier":"CCDCTEAM.COM-S-1-5-32-548","Name":"IGNOREME","Results":[],"LocalNames":[],"Collected":true,"FailureReason":null},{"ObjectIdentifier":"CCDCTEAM.COM-S-1-5-32-554","Name":"IGNOREME","Results":[{"ObjectIdentifier":"CCDCTEAM.COM-S-1-5-11","ObjectType":"Group"}],"LocalNames":[],"Collected":true,"FailureReason":null},{"ObjectIdentifier":"CCDCTEAM.COM-S-1-5-32-557","Name":"IGNOREME","Results":[],"LocalNames":[],"Collected":true,"FailureReason":null},{"ObjectIdentifier":"CCDCTEAM.COM-S-1-5-32-560","Name":"IGNOREME","Results":[{"ObjectIdentifier":"CCDCTEAM.COM-S-1-5-9","ObjectType":"Group"}],"LocalNames":[],"Collected":true,"FailureReason":null},{"ObjectIdentifier":"CCDCTEAM.COM-S-1-5-32-561","Name":"IGNOREME","Results":[],"LocalNames":[],"Collected":true,"FailureReason":null},{"ObjectIdentifier":"CCDCTEAM.COM-S-1-5-32-544","Name":"IGNOREME","Results":[{"ObjectIdentifier":"S-1-5-21-3501065730-1083639835-3223969172-500","ObjectType":"User"},{"ObjectIdentifier":"S-1-5-21-3501065730-1083639835-3223969172-519","ObjectType":"Group"},{"ObjectIdentifier":"S-1-5-21-3501065730-1083639835-3223969172-512","ObjectType":"Group"}],"LocalNames":[],"Collected":true,"FailureReason":null},{"ObjectIdentifier":"CCDCTEAM.COM-S-1-5-32-545","Name":"IGNOREME","Results":[{"ObjectIdentifier":"CCDCTEAM.COM-S-1-5-11","ObjectType":"Group"},{"ObjectIdentifier":"S-1-5-21-3501065730-1083639835-3223969172-513","ObjectType":"Group"}],"LocalNames":[],"Collected":true,"FailureReason":null},{"ObjectIdentifier":"CCDCTEAM.COM-S-1-5-32-546","Name":"IGNOREME","Results":[{"ObjectIdentifier":"S-1-5-21-3501065730-1083639835-3223969172-501","ObjectType":"User"},{"ObjectIdentifier":"S-1-5-21-3501065730-1083639835-3223969172-514","ObjectType":"Group"}],"LocalNames":[],"Collected":true,"FailureReason":null},{"ObjectIdentifier":"CCDCTEAM.COM-S-1-5-32-550","Name":"IGNOREME","Results":[],"LocalNames":[],"Collected":true,"FailureReason":null},{"ObjectIdentifier":"CCDCTEAM.COM-S-1-5-32-551","Name":"IGNOREME","Results":[],"LocalNames":[],"Collected":true,"FailureReason":null},{"ObjectIdentifier":"CCDCTEAM.COM-S-1-5-32-552","Name":"IGNOREME","Results":[],"LocalNames":[],"Collected":true,"FailureReason":null},{"ObjectIdentifier":"CCDCTEAM.COM-S-1-5-32-555","Name":"IGNOREME","Results":[],"LocalNames":[],"Collected":true,"FailureReason":null},{"ObjectIdentifier":"CCDCTEAM.COM-S-1-5-32-556","Name":"IGNOREME","Results":[],"LocalNames":[],"Collected":true,"FailureReason":null},{"ObjectIdentifier":"CCDCTEAM.COM-S-1-5-32-558","Name":"IGNOREME","Results":[],"LocalNames":[],"Collected":true,"FailureReason":null},{"ObjectIdentifier":"CCDCTEAM.COM-S-1-5-32-559","Name":"IGNOREME","Results":[],"LocalNames":[],"Collected":true,"FailureReason":null},{"ObjectIdentifier":"CCDCTEAM.COM-S-1-5-32-562","Name":"IGNOREME","Results":[],"LocalNames":[],"Collected":true,"FailureReason":null},{"ObjectIdentifier":"CCDCTEAM.COM-S-1-5-32-568","Name":"IGNOREME","Results":[],"LocalNames":[],"Collected":true,"FailureReason":null},{"ObjectIdentifier":"CCDCTEAM.COM-S-1-5-32-569","Name":"IGNOREME","Results":[],"LocalNames":[],"Collected":true,"FailureReason":null},{"ObjectIdentifier":"CCDCTEAM.COM-S-1-5-32-573","Name":"IGNOREME","Results":[],"LocalNames":[],"Collected":true,"FailureReason":null},{"ObjectIdentifier":"CCDCTEAM.COM-S-1-5-32-574","Name":"IGNOREME","Results":[],"LocalNames":[],"Collected":true,"FailureReason":null},{"ObjectIdentifier":"CCDCTEAM.COM-S-1-5-32-575","Name":"IGNOREME","Results":[],"LocalNames":[],"Collected":true,"FailureReason":null},{"ObjectIdentifier":"CCDCTEAM.COM-S-1-5-32-576","Name":"IGNOREME","Results":[],"LocalNames":[],"Collected":true,"FailureReason":null},{"ObjectIdentifier":"CCDCTEAM.COM-S-1-5-32-577","Name":"IGNOREME","Results":[],"LocalNames":[],"Collected":true,"FailureReason":null},{"ObjectIdentifier":"CCDCTEAM.COM-S-1-5-32-578","Name":"IGNOREME","Results":[],"LocalNames":[],"Collected":true,"FailureReason":null},{"ObjectIdentifier":"CCDCTEAM.COM-S-1-5-32-579","Name":"IGNOREME","Results":[],"LocalNames":[],"Collected":true,"FailureReason":null},{"ObjectIdentifier":"CCDCTEAM.COM-S-1-5-32-580","Name":"IGNOREME","Results":[],"LocalNames":[],"Collected":true,"FailureReason":null},{"ObjectIdentifier":"CCDCTEAM.COM-S-1-5-32-582","Name":"IGNOREME","Results":[],"LocalNames":[],"Collected":true,"FailureReason":null}],"UserRights":[{"Privilege":"SeRemoteInteractiveLogonRight","Results":[{"ObjectIdentifier":"CCDCTEAM.COM-S-1-5-32-544","ObjectType":"Group"}],"LocalNames":[],"Collected":true,"FailureReason":null}],"DCRegistryData":{"CertificateMappingMethods":{"Value":-1,"Collected":true,"FailureReason":null},"StrongCertificateBindingEnforcement":{"Value":-1,"Collected":true,"FailureReason":null},"VulnerableNetlogonSecurityDescriptor":{"Value":null,"Collected":true,"FailureReason":null}},"Status":null,"IsDC":true,"UnconstrainedDelegation":true,"DomainSID":"S-1-5-21-3501065730-1083639835-3223969172","IsWebClientRunning":{"Result":false,"Collected":true,"FailureReason":null},"SmbInfo":{"Result":{"SigningEnabled":true},"Collected":true,"FailureReason":null},"NtlmSessions":null,"NTLMRegistryData":{"Result":{"RestrictSendingNtlmTraffic":null,"RestrictReceivingNtlmTraffic":null,"NtlmMinServerSec":536870912,"NtlmMinClientSec":536870912,"LmCompatibilityLevel":null,"UseMachineId":null,"RequireSecuritySignature":1,"EnableSecuritySignature":1,"ClientAllowedNTLMServers":null},"Collected":true,"FailureReason":null},"Aces":[{"PrincipalSID":"S-1-5-21-3501065730-1083639835-3223969172-512","PrincipalType":"Group","RightName":"Owns","IsInherited":false,"InheritanceHash":"","IsPermissionForOwnerRightsSid":false,"IsInheritedPermissionForOwnerRightsSid":false},{"PrincipalSID":"S-1-5-21-3501065730-1083639835-3223969172-512","PrincipalType":"Group","RightName":"GenericAll","IsInherited":false,"InheritanceHash":"","IsPermissionForOwnerRightsSid":false,"IsInheritedPermissionForOwnerRightsSid":false},{"PrincipalSID":"S-1-5-21-3501065730-1083639835-3223969172-512","PrincipalType":"Group","RightName":"WriteAccountRestrictions","IsInherited":false,"InheritanceHash":"","IsPermissionForOwnerRightsSid":false,"IsInheritedPermissionForOwnerRightsSid":false},{"PrincipalSID":"S-1-5-21-3501065730-1083639835-3223969172-526","PrincipalType":"Group","RightName":"AddKeyCredentialLink","IsInherited":true,"InheritanceHash":"843CD0540F61DDC7AFA84BDF8D27550E03D54046","IsPermissionForOwnerRightsSid":false,"IsInheritedPermissionForOwnerRightsSid":false},{"PrincipalSID":"S-1-5-21-3501065730-1083639835-3223969172-527","PrincipalType":"Group","RightName":"AddKeyCredentialLink","IsInherited":true,"InheritanceHash":"6F0FE65886AEEF5D9A95658247DACE693C6701F1","IsPermissionForOwnerRightsSid":false,"IsInheritedPermissionForOwnerRightsSid":false},{"PrincipalSID":"S-1-5-21-3501065730-1083639835-3223969172-519","PrincipalType":"Group","RightName":"GenericAll","IsInherited":true,"InheritanceHash":"761B9C649AD1105689ACDE61AB40C9A93EF13D5D","IsPermissionForOwnerRightsSid":false,"IsInheritedPermissionForOwnerRightsSid":false},{"PrincipalSID":"CCDCTEAM.COM-S-1-5-32-544","PrincipalType":"Group","RightName":"WriteDacl","IsInherited":true,"InheritanceHash":"62C26D4FB3FF64505B03CDD35D648DFBC6C157CC","IsPermissionForOwnerRightsSid":false,"IsInheritedPermissionForOwnerRightsSid":false},{"PrincipalSID":"CCDCTEAM.COM-S-1-5-32-544","PrincipalType":"Group","RightName":"WriteOwner","IsInherited":true,"InheritanceHash":"62C26D4FB3FF64505B03CDD35D648DFBC6C157CC","IsPermissionForOwnerRightsSid":false,"IsInheritedPermissionForOwnerRightsSid":false},{"PrincipalSID":"CCDCTEAM.COM-S-1-5-32-544","PrincipalType":"Group","RightName":"GenericWrite","IsInherited":true,"InheritanceHash":"62C26D4FB3FF64505B03CDD35D648DFBC6C157CC","IsPermissionForOwnerRightsSid":false,"IsInheritedPermissionForOwnerRightsSid":false}],"ObjectIdentifier":"S-1-5-21-3501065730-1083639835-3223969172-1000","IsDeleted":false,"IsACLProtected":false,"ContainedBy":{"ObjectIdentifier":"14C12C70-FE42-45D2-A3A6-B046BE03186D","ObjectType":"OU"}},{"Properties":{"domain":"CCDCTEAM.COM","name":"FILESERVER.CCDCTEAM.COM","distinguishedname":"CN=FILESERVER,CN=COMPUTERS,DC=CCDCTEAM,DC=COM","domainsid":"S-1-5-21-3501065730-1083639835-3223969172","samaccountname":"FILESERVER$","haslaps":false,"doesanyacegrantownerrights":false,"doesanyinheritedacegrantownerrights":false,"isaclprotected":false,"adminsdholderprotected":false,"whencreated":1760032708,"enabled":true,"unconstraineddelegation":false,"trustedtoauth":false,"isdc":false,"isreadonlydc":false,"encryptedtextpwdallowed":false,"usedeskeyonly":false,"logonscriptenabled":false,"lockedout":false,"passwordexpired":false,"supportedencryptiontypes":["RC4-HMAC-MD5","AES128-CTS-HMAC-SHA1-96","AES256-CTS-HMAC-SHA1-96"],"admincount":false,"lastlogon":1769137997,"lastlogontimestamp":1769002712,"pwdlastset":1768133487,"serviceprincipalnames":["TERMSRV/FILESERVER","TERMSRV/FileServer.CCDCTeam.com","SMTPSVC/FILESERVER","SMTPSVC/FileServer.CCDCTeam.com","WSMAN/FileServer","WSMAN/FileServer.CCDCTeam.com","RestrictedKrbHost/FILESERVER","HOST/FILESERVER","RestrictedKrbHost/FileServer.CCDCTeam.com","HOST/FileServer.CCDCTeam.com"],"email":null,"useraccountcontrol":4096,"operatingsystem":"Windows Server 2022 Standard","sidhistory":[],"objectguid":"5343AD34-DD6A-4020-85C0-BCEF099F932C"},"PrimaryGroupSID":"S-1-5-21-3501065730-1083639835-3223969172-515","AllowedToDelegate":[],"AllowedToAct":[],"HasSIDHistory":[],"DumpSMSAPassword":[],"Sessions":{"Results":[],"Collected":true,"FailureReason":null},"PrivilegedSessions":{"Results":[{"UserSID":"S-1-5-21-3501065730-1083639835-3223969172-500","ComputerSID":"S-1-5-21-3501065730-1083639835-3223969172-1106"}],"Collected":true,"FailureReason":null},"RegistrySessions":{"Results":[{"UserSID":"S-1-5-21-3501065730-1083639835-3223969172-500","ComputerSID":"S-1-5-21-3501065730-1083639835-3223969172-1106"}],"Collected":true,"FailureReason":null},"LocalGroups":[{"ObjectIdentifier":"S-1-5-21-3501065730-1083639835-3223969172-1106-579","Name":"ACCESS CONTROL ASSISTANCE OPERATORS@FILESERVER.CCDCTEAM.COM","Results":[],"LocalNames":[],"Collected":true,"FailureReason":null},{"ObjectIdentifier":"S-1-5-21-3501065730-1083639835-3223969172-1106-544","Name":"ADMINISTRATORS@FILESERVER.CCDCTEAM.COM","Results":[{"ObjectIdentifier":"S-1-5-21-3501065730-1083639835-3223969172-512","ObjectType":"Group"}],"LocalNames":[],"Collected":true,"FailureReason":null},{"ObjectIdentifier":"S-1-5-21-3501065730-1083639835-3223969172-1106-551","Name":"BACKUP OPERATORS@FILESERVER.CCDCTEAM.COM","Results":[],"LocalNames":[],"Collected":true,"FailureReason":null},{"ObjectIdentifier":"S-1-5-21-3501065730-1083639835-3223969172-1106-574","Name":"CERTIFICATE SERVICE DCOM ACCESS@FILESERVER.CCDCTEAM.COM","Results":[],"LocalNames":[],"Collected":true,"FailureReason":null},{"ObjectIdentifier":"S-1-5-21-3501065730-1083639835-3223969172-1106-569","Name":"CRYPTOGRAPHIC OPERATORS@FILESERVER.CCDCTEAM.COM","Results":[],"LocalNames":[],"Collected":true,"FailureReason":null},{"ObjectIdentifier":"S-1-5-21-3501065730-1083639835-3223969172-1106-583","Name":"DEVICE OWNERS@FILESERVER.CCDCTEAM.COM","Results":[],"LocalNames":[],"Collected":true,"FailureReason":null},{"ObjectIdentifier":"S-1-5-21-3501065730-1083639835-3223969172-1106-562","Name":"DISTRIBUTED COM USERS@FILESERVER.CCDCTEAM.COM","Results":[],"LocalNames":[],"Collected":true,"FailureReason":null},{"ObjectIdentifier":"S-1-5-21-3501065730-1083639835-3223969172-1106-573","Name":"EVENT LOG READERS@FILESERVER.CCDCTEAM.COM","Results":[],"LocalNames":[],"Collected":true,"FailureReason":null},{"ObjectIdentifier":"S-1-5-21-3501065730-1083639835-3223969172-1106-546","Name":"GUESTS@FILESERVER.CCDCTEAM.COM","Results":[],"LocalNames":[],"Collected":true,"FailureReason":null},{"ObjectIdentifier":"S-1-5-21-3501065730-1083639835-3223969172-1106-578","Name":"HYPER-V ADMINISTRATORS@FILESERVER.CCDCTEAM.COM","Results":[],"LocalNames":[],"Collected":true,"FailureReason":null},{"ObjectIdentifier":"S-1-5-21-3501065730-1083639835-3223969172-1106-568","Name":"IIS_IUSRS@FILESERVER.CCDCTEAM.COM","Results":[],"LocalNames":[],"Collected":true,"FailureReason":null},{"ObjectIdentifier":"S-1-5-21-3501065730-1083639835-3223969172-1106-556","Name":"NETWORK CONFIGURATION OPERATORS@FILESERVER.CCDCTEAM.COM","Results":[],"LocalNames":[],"Collected":true,"FailureReason":null},{"ObjectIdentifier":"S-1-5-21-3501065730-1083639835-3223969172-1106-559","Name":"PERFORMANCE LOG USERS@FILESERVER.CCDCTEAM.COM","Results":[],"LocalNames":[],"Collected":true,"FailureReason":null},{"ObjectIdentifier":"S-1-5-21-3501065730-1083639835-3223969172-1106-558","Name":"PERFORMANCE MONITOR USERS@FILESERVER.CCDCTEAM.COM","Results":[],"LocalNames":[],"Collected":true,"FailureReason":null},{"ObjectIdentifier":"S-1-5-21-3501065730-1083639835-3223969172-1106-547","Name":"POWER USERS@FILESERVER.CCDCTEAM.COM","Results":[],"LocalNames":[],"Collected":true,"FailureReason":null},{"ObjectIdentifier":"S-1-5-21-3501065730-1083639835-3223969172-1106-550","Name":"PRINT OPERATORS@FILESERVER.CCDCTEAM.COM","Results":[],"LocalNames":[],"Collected":true,"FailureReason":null},{"ObjectIdentifier":"S-1-5-21-3501065730-1083639835-3223969172-1106-576","Name":"RDS ENDPOINT SERVERS@FILESERVER.CCDCTEAM.COM","Results":[],"LocalNames":[],"Collected":true,"FailureReason":null},{"ObjectIdentifier":"S-1-5-21-3501065730-1083639835-3223969172-1106-577","Name":"RDS MANAGEMENT SERVERS@FILESERVER.CCDCTEAM.COM","Results":[],"LocalNames":[],"Collected":true,"FailureReason":null},{"ObjectIdentifier":"S-1-5-21-3501065730-1083639835-3223969172-1106-575","Name":"RDS REMOTE ACCESS SERVERS@FILESERVER.CCDCTEAM.COM","Results":[],"LocalNames":[],"Collected":true,"FailureReason":null},{"ObjectIdentifier":"S-1-5-21-3501065730-1083639835-3223969172-1106-555","Name":"REMOTE DESKTOP USERS@FILESERVER.CCDCTEAM.COM","Results":[{"ObjectIdentifier":"S-1-5-21-3501065730-1083639835-3223969172-513","ObjectType":"Group"}],"LocalNames":[],"Collected":true,"FailureReason":null},{"ObjectIdentifier":"S-1-5-21-3501065730-1083639835-3223969172-1106-580","Name":"REMOTE MANAGEMENT USERS@FILESERVER.CCDCTEAM.COM","Results":[],"LocalNames":[],"Collected":true,"FailureReason":null},{"ObjectIdentifier":"S-1-5-21-3501065730-1083639835-3223969172-1106-552","Name":"REPLICATOR@FILESERVER.CCDCTEAM.COM","Results":[],"LocalNames":[],"Collected":true,"FailureReason":null},{"ObjectIdentifier":"S-1-5-21-3501065730-1083639835-3223969172-1106-582","Name":"STORAGE REPLICA ADMINISTRATORS@FILESERVER.CCDCTEAM.COM","Results":[],"LocalNames":[],"Collected":true,"FailureReason":null},{"ObjectIdentifier":"S-1-5-21-3501065730-1083639835-3223969172-1106-581","Name":"SYSTEM MANAGED ACCOUNTS GROUP@FILESERVER.CCDCTEAM.COM","Results":[],"LocalNames":[],"Collected":true,"FailureReason":null},{"ObjectIdentifier":"S-1-5-21-3501065730-1083639835-3223969172-1106-545","Name":"USERS@FILESERVER.CCDCTEAM.COM","Results":[{"ObjectIdentifier":"CCDCTEAM.COM-S-1-5-11","ObjectType":"Group"},{"ObjectIdentifier":"S-1-5-21-3501065730-1083639835-3223969172-513","ObjectType":"Group"}],"LocalNames":[],"Collected":true,"FailureReason":null}],"UserRights":[{"Privilege":"SeRemoteInteractiveLogonRight","Results":[{"ObjectIdentifier":"S-1-5-21-3501065730-1083639835-3223969172-1106-555","ObjectType":"LocalGroup"},{"ObjectIdentifier":"S-1-5-21-3501065730-1083639835-3223969172-1106-544","ObjectType":"LocalGroup"}],"LocalNames":[],"Collected":true,"FailureReason":null}],"DCRegistryData":{"CertificateMappingMethods":null,"StrongCertificateBindingEnforcement":null,"VulnerableNetlogonSecurityDescriptor":null},"Status":null,"IsDC":false,"UnconstrainedDelegation":false,"DomainSID":"S-1-5-21-3501065730-1083639835-3223969172","IsWebClientRunning":{"Result":false,"Collected":true,"FailureReason":null},"SmbInfo":{"Result":{"SigningEnabled":false},"Collected":true,"FailureReason":null},"NtlmSessions":null,"NTLMRegistryData":{"Result":{"RestrictSendingNtlmTraffic":null,"RestrictReceivingNtlmTraffic":null,"NtlmMinServerSec":536870912,"NtlmMinClientSec":536870912,"LmCompatibilityLevel":null,"UseMachineId":null,"RequireSecuritySignature":0,"EnableSecuritySignature":0,"ClientAllowedNTLMServers":null},"Collected":true,"FailureReason":null},"Aces":[{"PrincipalSID":"S-1-5-21-3501065730-1083639835-3223969172-512","PrincipalType":"Group","RightName":"Owns","IsInherited":false,"InheritanceHash":"","IsPermissionForOwnerRightsSid":false,"IsInheritedPermissionForOwnerRightsSid":false},{"PrincipalSID":"CCDCTEAM.COM-S-1-5-32-548","PrincipalType":"Group","RightName":"GenericAll","IsInherited":false,"InheritanceHash":"","IsPermissionForOwnerRightsSid":false,"IsInheritedPermissionForOwnerRightsSid":false},{"PrincipalSID":"S-1-5-21-3501065730-1083639835-3223969172-512","PrincipalType":"Group","RightName":"GenericAll","IsInherited":false,"InheritanceHash":"","IsPermissionForOwnerRightsSid":false,"IsInheritedPermissionForOwnerRightsSid":false},{"PrincipalSID":"S-1-5-21-3501065730-1083639835-3223969172-512","PrincipalType":"Group","RightName":"WriteAccountRestrictions","IsInherited":false,"InheritanceHash":"","IsPermissionForOwnerRightsSid":false,"IsInheritedPermissionForOwnerRightsSid":false},{"PrincipalSID":"S-1-5-21-3501065730-1083639835-3223969172-526","PrincipalType":"Group","RightName":"AddKeyCredentialLink","IsInherited":true,"InheritanceHash":"843CD0540F61DDC7AFA84BDF8D27550E03D54046","IsPermissionForOwnerRightsSid":false,"IsInheritedPermissionForOwnerRightsSid":false},{"PrincipalSID":"S-1-5-21-3501065730-1083639835-3223969172-527","PrincipalType":"Group","RightName":"AddKeyCredentialLink","IsInherited":true,"InheritanceHash":"6F0FE65886AEEF5D9A95658247DACE693C6701F1","IsPermissionForOwnerRightsSid":false,"IsInheritedPermissionForOwnerRightsSid":false},{"PrincipalSID":"S-1-5-21-3501065730-1083639835-3223969172-519","PrincipalType":"Group","RightName":"GenericAll","IsInherited":true,"InheritanceHash":"761B9C649AD1105689ACDE61AB40C9A93EF13D5D","IsPermissionForOwnerRightsSid":false,"IsInheritedPermissionForOwnerRightsSid":false},{"PrincipalSID":"CCDCTEAM.COM-S-1-5-32-544","PrincipalType":"Group","RightName":"WriteDacl","IsInherited":true,"InheritanceHash":"62C26D4FB3FF64505B03CDD35D648DFBC6C157CC","IsPermissionForOwnerRightsSid":false,"IsInheritedPermissionForOwnerRightsSid":false},{"PrincipalSID":"CCDCTEAM.COM-S-1-5-32-544","PrincipalType":"Group","RightName":"WriteOwner","IsInherited":true,"InheritanceHash":"62C26D4FB3FF64505B03CDD35D648DFBC6C157CC","IsPermissionForOwnerRightsSid":false,"IsInheritedPermissionForOwnerRightsSid":false},{"PrincipalSID":"CCDCTEAM.COM-S-1-5-32-544","PrincipalType":"Group","RightName":"GenericWrite","IsInherited":true,"InheritanceHash":"62C26D4FB3FF64505B03CDD35D648DFBC6C157CC","IsPermissionForOwnerRightsSid":false,"IsInheritedPermissionForOwnerRightsSid":false}],"ObjectIdentifier":"S-1-5-21-3501065730-1083639835-3223969172-1106","IsDeleted":false,"IsACLProtected":false,"ContainedBy":{"ObjectIdentifier":"8E592B02-3A5C-457C-8C96-A4DE9354CA95","ObjectType":"Container"}},{"Properties":{"domain":"CCDCTEAM.COM","name":"WEBSERVER2019.CCDCTEAM.COM","distinguishedname":"CN=WEBSERVER2019,CN=COMPUTERS,DC=CCDCTEAM,DC=COM","domainsid":"S-1-5-21-3501065730-1083639835-3223969172","samaccountname":"WEBSERVER2019$","haslaps":false,"doesanyacegrantownerrights":false,"doesanyinheritedacegrantownerrights":false,"isaclprotected":false,"adminsdholderprotected":false,"whencreated":1760112921,"enabled":true,"unconstraineddelegation":false,"trustedtoauth":false,"isdc":false,"isreadonlydc":false,"encryptedtextpwdallowed":false,"usedeskeyonly":false,"logonscriptenabled":false,"lockedout":false,"passwordexpired":false,"supportedencryptiontypes":["RC4-HMAC-MD5","AES128-CTS-HMAC-SHA1-96","AES256-CTS-HMAC-SHA1-96"],"admincount":false,"lastlogon":1769138212,"lastlogontimestamp":1769010844,"pwdlastset":1768133479,"serviceprincipalnames":["SMTPSVC/WEBSERVER2019","SMTPSVC/WebServer2019.CCDCTeam.com","WSMAN/WebServer2019","WSMAN/WebServer2019.CCDCTeam.com","TERMSRV/WEBSERVER2019","TERMSRV/WebServer2019.CCDCTeam.com","RestrictedKrbHost/WEBSERVER2019","HOST/WEBSERVER2019","RestrictedKrbHost/WebServer2019.CCDCTeam.com","HOST/WebServer2019.CCDCTeam.com"],"email":null,"useraccountcontrol":4096,"operatingsystem":"Windows Server 2019 Standard","sidhistory":[],"objectguid":"F3CC17E3-60AF-4191-B7D8-86529796483B"},"PrimaryGroupSID":"S-1-5-21-3501065730-1083639835-3223969172-515","AllowedToDelegate":[],"AllowedToAct":[],"HasSIDHistory":[],"DumpSMSAPassword":[],"Sessions":{"Results":[],"Collected":false,"FailureReason":null},"PrivilegedSessions":{"Results":[],"Collected":false,"FailureReason":null},"RegistrySessions":{"Results":[],"Collected":false,"FailureReason":null},"LocalGroups":[],"UserRights":[],"DCRegistryData":{"CertificateMappingMethods":null,"StrongCertificateBindingEnforcement":null,"VulnerableNetlogonSecurityDescriptor":null},"Status":{"Connectable":false,"Error":"PortNotOpen"},"IsDC":false,"UnconstrainedDelegation":false,"DomainSID":"S-1-5-21-3501065730-1083639835-3223969172","IsWebClientRunning":null,"SmbInfo":null,"NtlmSessions":null,"NTLMRegistryData":null,"Aces":[{"PrincipalSID":"S-1-5-21-3501065730-1083639835-3223969172-512","PrincipalType":"Group","RightName":"Owns","IsInherited":false,"InheritanceHash":"","IsPermissionForOwnerRightsSid":false,"IsInheritedPermissionForOwnerRightsSid":false},{"PrincipalSID":"CCDCTEAM.COM-S-1-5-32-548","PrincipalType":"Group","RightName":"GenericAll","IsInherited":false,"InheritanceHash":"","IsPermissionForOwnerRightsSid":false,"IsInheritedPermissionForOwnerRightsSid":false},{"PrincipalSID":"S-1-5-21-3501065730-1083639835-3223969172-512","PrincipalType":"Group","RightName":"GenericAll","IsInherited":false,"InheritanceHash":"","IsPermissionForOwnerRightsSid":false,"IsInheritedPermissionForOwnerRightsSid":false},{"PrincipalSID":"S-1-5-21-3501065730-1083639835-3223969172-512","PrincipalType":"Group","RightName":"WriteAccountRestrictions","IsInherited":false,"InheritanceHash":"","IsPermissionForOwnerRightsSid":false,"IsInheritedPermissionForOwnerRightsSid":false},{"PrincipalSID":"S-1-5-21-3501065730-1083639835-3223969172-526","PrincipalType":"Group","RightName":"AddKeyCredentialLink","IsInherited":true,"InheritanceHash":"843CD0540F61DDC7AFA84BDF8D27550E03D54046","IsPermissionForOwnerRightsSid":false,"IsInheritedPermissionForOwnerRightsSid":false},{"PrincipalSID":"S-1-5-21-3501065730-1083639835-3223969172-527","PrincipalType":"Group","RightName":"AddKeyCredentialLink","IsInherited":true,"InheritanceHash":"6F0FE65886AEEF5D9A95658247DACE693C6701F1","IsPermissionForOwnerRightsSid":false,"IsInheritedPermissionForOwnerRightsSid":false},{"PrincipalSID":"S-1-5-21-3501065730-1083639835-3223969172-519","PrincipalType":"Group","RightName":"GenericAll","IsInherited":true,"InheritanceHash":"761B9C649AD1105689ACDE61AB40C9A93EF13D5D","IsPermissionForOwnerRightsSid":false,"IsInheritedPermissionForOwnerRightsSid":false},{"PrincipalSID":"CCDCTEAM.COM-S-1-5-32-544","PrincipalType":"Group","RightName":"WriteDacl","IsInherited":true,"InheritanceHash":"62C26D4FB3FF64505B03CDD35D648DFBC6C157CC","IsPermissionForOwnerRightsSid":false,"IsInheritedPermissionForOwnerRightsSid":false},{"PrincipalSID":"CCDCTEAM.COM-S-1-5-32-544","PrincipalType":"Group","RightName":"WriteOwner","IsInherited":true,"InheritanceHash":"62C26D4FB3FF64505B03CDD35D648DFBC6C157CC","IsPermissionForOwnerRightsSid":false,"IsInheritedPermissionForOwnerRightsSid":false},{"PrincipalSID":"CCDCTEAM.COM-S-1-5-32-544","PrincipalType":"Group","RightName":"GenericWrite","IsInherited":true,"InheritanceHash":"62C26D4FB3FF64505B03CDD35D648DFBC6C157CC","IsPermissionForOwnerRightsSid":false,"IsInheritedPermissionForOwnerRightsSid":false}],"ObjectIdentifier":"S-1-5-21-3501065730-1083639835-3223969172-1107","IsDeleted":false,"IsACLProtected":false,"ContainedBy":{"ObjectIdentifier":"8E592B02-3A5C-457C-8C96-A4DE9354CA95","ObjectType":"Container"}}],"meta":{"methods":15725567,"type":"computers","count":4,"version":6,"collectorversion":"2.9.0.0"}}